Yeast(tsp),Flour(c),Sugar,Egg,Fat(c),Milk(c),Baking Soda(tsp),Baking Powder(tsp),Almond powder,chocolate powder,Banana,Flaky Butter,Honey,Water,Butter,Salt(tsp),Label,temperature,time
0,100,120,4,0,0,0,0,0,0,0,0,0,0,0,0,cake,160,60
0,60,90,4,0,0,0,0,60,0,0,0,0,0,20,0,cake,160,60
0,80,125,4,0,0,0,0,20,20,0,0,0,0,25,0,cake,160,60
0,10,110,4,0,0,0,0,90,20,0,0,0,0,80,0,cake,160,60
0,190,110,3,0,40,0,1.5,0,0,0,0,30,0,120,0.25,cake,160,60
0,200,180,3,0,110,0,1.5,0,0,0,0,0,0,85,0.25,cake,160,60
0,195,200,4,0,0,0,1.5,35,0,0,0,0,0,200,0.5,cake,170,50
0,200,105,2,0,50,0,2,0,0,0,0,0,0,85,0,cake,170,50
0,100,100,4,0,20,0,0,0,0,0,0,40,0,35,0,cake,170,50
0,150,150,3,0,100,0,1.5,0,0,0,0,0,0,75,0,cake,170,50
0,300,145,3,0,0,0,2,0,0,0,0,0,0,150,0.75,cake,170,50
0,90,80,2,0,20,0,1,0,0,0,0,0,0,90,0,cake,170,50
0,90,90,2,0,20,0,1,20,0,0,0,0,0,90,0,cake,170,50
0,180,160,3,0,30,0,2,0,0,0,0,0,0,160,0,cake,170,50
0,160,180,3,0,30,0,2.5,0,0,0,0,0,0,180,0,cake,160,60
0,140,140,2,0,30,0,2,0,5,0,0,0,0,120,0,cake,160,60
0,150,180,3,0,0,0,1,0,0,0,0,0,0,125,0,cake,160,60
0,150,75,1,0,20,0,1,0,0,2,0,0,0,100,1,cake,160,60
0,180,160,2,0,0,0,1,0,0,0,0,0,0,180,0,cake,180,20
0,185,210,3,0,100,0,1,0,0,0,0,0,0,60,0.5,cake,175,45
0,215,135,2,0,50,0,1,0,0,0,0,0,0,110,0.5,cake,175,45
0,185,240,3,0,100,0,1,0,0,0,0,0,0,60,0.5,cake,175,45
0,165,180,3,0,20,0,0.75,0,40,0,0,0,0,180,0.5,cake,175,45
0,220,250,4,0,0,0,0.67,0,0,0,0,0,0,220,0,cake,175,45
0,50,115,2,0,0,0,1,55,0,0,0,0,0,65,0,cake,175,45
0,120,50,2,0,100,0,2,0,0,0,0,60,0,0,0.5,cake,175,45
0,75,125,4,0,0,0,0,0,25,0,0,0,0,25,0,cake,175,45
0,105,180,6,0,0,0,0,0,30,0,0,0,0,60,0,cake,175,45
0,130,85,2,0,40,0,2,0,0,0,0,20,0,130,0,cake,175,45
0,300,50,2,0,45,0,2,0,0,0,0,0,0,115,1,cake,175,45
0,180,120,3,0,50,0,1,0,0,0,0,0,0,140,0.25,cake,175,45
0,140,120,3,0,90,0,1,40,0,0,0,20,0,140,0.5,cake,175,45
0,140,120,3,0,20,0,1,0,0,0,0,30,0,140,0,cake,175,45
0,180,120,3,0,0,0,1,0,0,0,0,30,0,140,0,cake,175,45
0,140,120,3,0,15,0,1,40,0,0,0,15,0,140,0,cake,175,45
0,180,180,3,0,0,0,1,0,0,0,0,0,0,180,0,cake,170,50
0,160,140,2,0,60,0,1,0,0,0,0,20,0,60,0,cake,175,45
0,80,80,2,0,0,0,1,0,0,0,0,0,0,100,0,cake,200,20
0,200,200,4,0,0,0,2,0,0,0,0,0,0,200,0,cake,160,60
0,180,120,3,0,30,0,1,0,0,0,0,0,0,140,0,cake,175,45
0,40,95,1,0,0,0,0.5,55,5,0,0,0,0,105,0.5,cake,170,30
0,235,150,2,0,0,0,2,0,0,0,0,0,0,100,0,cake,170,45
0,200,100,3,0,0,0,1,0,0,3,0,0,0,50,0,cake,180,30
0,170,85,6,0,0,0,2,0,0,0,0,0,0,180,0,cake,175,40
0,225,290,2,0,100,0,1,0,0,0,0,0,0,100,0.5,cake,180,30
0,100,180,2,0,120,0,2,0,42,0,0,0,0,62,0,cake,160,60
0,250,260,3,0,0,0,2,0,0,0,0,0,0,167,0.1,cake,155,25
0,225,140,2,0,0,0,1,0,0,2,0,20,0,125,0,cake,180,50
0,270,125,3,0,0,0,2,0,0,0,0,30,0,125,0,cake,180,45
0,235,310,3,0,0,0,2,0,0,0,0,0,0,95,0,cake,180,50
0,200,110,3,0,0,0,1,0,0,0,0,40,0,190,0,cake,160,60
0,150,65,3,0,100,0,1.5,0,0,0,0,50,0,0,0,cake,165,50
0,150,110,4,0,50,0,1.5,0,0,0,0,0,0,75,0,cake,165,60
0,175,135,4,0,0,0,1.5,0,0,0,0,0,0,70,0,cake,160,45
0,180,140,3,0,0,0,1.5,0,0,0,0,0,0,50,0,cake,170,55
0,150,125,2,0,0,0,1.5,0,0,2,0,0,0,50,0,cake,165,45
0,70,115,2,0,75,0,1.5,70,15,0,0,0,0,90,0,cake,165,60
0,120,80,2,0,30,0,1.5,0,0,0,0,0,0,110,0,cake,190,20
0,100,150,3,0,0,0,1.5,90,0,0,0,0,0,130,0,cake,175,35
0,190,80,4,0,75,0,1.5,0,0,0,0,0,0,80,0.5,cake,180,25
0,250,120,5,0,100,0,2,0,0,0,0,0,0,125,0.5,cake,175,40
0,250,150,4,0,100,0,1.5,0,0,0,0,0,0,125,1,cake,160,55
0,180,120,3,0,0,0,1,0,0,0,0,0,0,125,0,cake,180,40
0,200,120,5,0,60,0,0.5,50,0,0,0,0,0,80,0,cake,180,40
0,120,60,2,0,40,0,1,0,0,0,0,20,0,120,0,cake,200,20
0,200,60,2,0,0,0,2,0,0,3,0,0,0,50,0,cake,175,45
0,210,190,2,0,80,0,1.5,0,0,0,0,0,0,100,0.5,cake,180,20
0,290,300,1,0,100,0,1.5,0,64,0,0,0,0,100,0,cake,150,60
0,160,60,3,0,0,0,0.5,0,0,0,0,50,0,100,0.5,cake,160,35
0,135,120,3,0,75,0,1,0,36,0,0,0,0,150,1,cake,160,60
0,130,110,2.5,0,25,0,1,0,0,0,0,0,0,140,0,cake,180,25
0,170,170,3,0,0,0,1,0,0,0,0,0,0,170,0,cake,170,30
0,170,145,2,0,25,0,1,0,0,0,0,0,0,130,0.5,cake,160,45
0,140,100,2,0,80,0,1,0,0,0,0,0,0,110,0,cake,180,40
0,170,100,3,0,0,0,1,0,0,0,0,0,0,150,0,cake,170,45
0,150,100,3,0,0,0,0.5,0,0,0,0,0,0,150,0,cake,170,40
0,70,100,2,0,0,0,0.5,0,30,0,0,0,0,100,0,cake,170,50
0,156,50,2.5,0,50,0,2,0,0,0,0,0,0,130,0,cake,180,30
0,110,65,2,0,0,0,1,0,0,0,0,0,0,110,0,cake,170,50
0,160,50,2,0,30,0,1,0,0,2,0,0,0,70,0,cake,180,40
0,160,160,2,0,150,0,1,0,0,0,0,0,0,50,0,cake,180,30
0,160,150,2,0,0,0,0,0,0,0,0,0,0,50,0.5,cake,180,15
0,135,90,2,0,0,0,1.5,0,0,0,0,7,0,112,0,cake,180,40
0,180,120,3,0,0,0,1,0,0,0,0,0,0,200,0,cake,170,50
0,100,40,2,0,0,0,0,6,0,0,0,0,0,100,0,cake,170,50
0,130,30,2,0,20,0,0,0,0,0,0,0,0,140,0.5,cake,175,40
0,160,60,2,0,0,0,1,0,0,2,0,0,0,140,0,cake,175,40
0,100,100,2,0,0,0,1,0,0,0,0,0,0,100,0,cake,160,35
0,110,100,1.5,0,30,0,1,0,0,0,0,0,0,100,0.5,cake,190,40
0,170,170,2.5,0,0,0,0,0,0,0,0,0,0,170,0.6,cake,170,35
0,180,30,2,0,160,0,1,0,25,0,0,0,0,35,0.5,cake,175,40
0,190,140,3,0,20,0,0,30,0,0,0,20,0,190,0,cake,180,45
0,140,66.66666667,2,0,0,0,0.5,0,0,0,0,0,0,86.66666667,0.5,cake,180,40
0,150,130,4,0,0,0,0.5,0,0,0,0,0,0,100,1,cake,180,40
0,166,166,2.5,0,17,0,0,0,0,0,0,0,0,120,0.5,cake,140,40
0,150,200,3,0,0,0,0,0,0,0,0,30,0,100,0.5,cake,180,40
0,200,180,2,0,25,0,0,0,0,0,0,0,0,100,0.5,cake,180,20
0,200,180,2.5,0,18,0,0,0,0,0,0,0,0,65,0,cake,160,25
0,120,120,4,0,0,0,1,0,0,0,0,0,0,80,1,cake,180,30
0,125,100,3,0,0,0,1,0,0,0,0,0,0,150,1,cake,175,40
0,225,90,2,0,0,1,0,0,0,0,0,0,0,140,0,cookie,160,30
0,200,100,1,0,0,1,0,0,20,0,0,0,0,100,1.5,cookie,160,30
0,194,70,1,0,0,0,0,80,0,0,0,0,0,160,0.25,cookie,160,30
0,100,150,2,0,0,0.5,0,50,0,0,0,0,0,0,1,cookie,160,30
0,350,150,1,0,0,0,0,0,0,0,0,0,0,400,1,cookie,160,30
0,330,130,1,0,30,0,0,0,0,0,0,0,0,200,0,cookie,160,30
0,150,80,2,0,0,1,0,100,0,0,0,0,0,150,0,cookie,170,30
0,200,80,1,0,0,0,0,0,25,0,0,0,0,200,0.5,cookie,170,30
0,300,280,1,0,0,1,0,100,0,0,0,80,0,230,0,cookie,170,30
0,220,105,1,0,100,0,0,0,0,0,0,80,0,0,0.25,cookie,170,30
0,40,125,2,0,0,0,0,0,0,0,0,0,0,25,0,cookie,170,30
0,188,140,1,0,0,1,0,0,0,0,0,0,0,112,1,cookie,170,30
0,210,180,1,0,0,0,0,0,0,0,0,0,0,135,1,cookie,170,30
0,140,50,1,0,0,1,0,0,0,0,0,0,0,80,0.5,cookie,170,30
0,160,50,1,0,0,0,0,50,0,0,0,0,0,100,0,cookie,170,30
0,115,89,0,0,60,0,0,0,0,0,0,0,0,113,2,cookie,170,30
0,195,60,1,0,0,0.5,0,0,15,0,0,0,0,150,0.25,cookie,170,30
0,110,55,1,0,0,0,0,90,0,0,0,0,0,100,0,cookie,160,20
0,110,30,0,0,25,0,0,10,0,0,0,0,0,80,1,cookie,160,20
0,150,40,1,0,0,0.5,0,0,0,0,0,0,0,75,0,cookie,160,20
0,210,120,1,0,0,0,0,0,0,0,0,0,0,150,0,cookie,170,30
0,220,100,2,0,0,2,0,0,0,0,0,0,0,100,3,cookie,170,30
0,230,50,0,0,0,1,0,0,0,0,0,0,0,140,1,cookie,170,30
0,132,42,0,0,14,0,0,0,0,0,0,0,0,140,0,cookie,170,30
0,250,80,2,0,0,0.5,0,0,0,0,0,0,0,100,0,cookie,170,30
0,170,63,0,0,0,0.5,0,0,0,0,0,0,0,100,0.25,cookie,170,30
0,160,50,1,0,0,0,0,0,0,0,0,0,0,100,0,cookie,170,30
0,250,40,1,0,50,0,0,75,0,0,0,0,0,100,0,cookie,180,20
0,120,40,1,0,0,0.5,0,20,8,0,0,0,0,90,0.25,cookie,180,20
0,250,125,2,0,0,0,0,30,0,0,0,0,0,100,0,cookie,180,20
0,250,120,1,0,0,0,0,0,0,0,0,0,0,125,0,cookie,180,20
0,210,120,0,0,0,0,0,0,0,0,0,0,0,138,0,cookie,180,20
0,250,120,1,0,0,0,0,0,0,0,0,0,0,125,0,cookie,180,20
0,260,150,2,0,0,0,0,80,0,0,0,0,0,240,0.5,cookie,135,35
0,254,127,1,0,0,0.5,0,25.5,0,0,0,30,0,127,0,cookie,200,15
0,300,90,2,0,0,0,0,90,0,0,0,0,0,200,0,cookie,200,12
0,250,200,1,0,0,0,0,0,0,0,0,0,0,100,0,cookie,180,15
0,190,60,1,0,0,0,0,0,0,0,0,0,0,100,0,cookie,160,20
0,300,120,1,0,0,0,0,0,30,0,0,0,0,200,0,cookie,160,20
0,240,220,1,0,0,1,0,0,0,0,0,0,0,200,0.5,cookie,160,20
0,368,188,2,0,0,0,0,0,0,0,0,16,0,145,0.5,cookie,180,15
0,350,140,1,0,0,1,0,0,35,0,0,0,0,210,0.05,cookie,160,20
0,200,70,1,0,0,0,0,0,30,0,0,0,10,100,0.5,cookie,170,15
0,200,80,2,0,0,0,0,0,0,0,0,0,0,110,0.5,cookie,160,13
0,160,40,0,0,80,0,0,0,0,0,0,0,0,100,0,cookie,135,40
0,208,60,0,0,0,0,0,0,0,0,0,0,0,150,0,cookie,150,20
0,220,70,1,0,0,0,0,0,0,0,0,0,0,125,0.5,cookie,160,20
0,130,70,1,0,10,0,0,0,0,0,0,0,10,120,1,cookie,160,25
0,250,125,2,0,0,1,0,0,0,0,0,0,0,180,0.5,cookie,170,20
0,160,50,0,0,0,0,0,0,0,0,0,0,0,112,0.5,cookie,170,16
0,250,150,1,0,0,1,0,0,0,0,0,0,0,100,0.5,cookie,190,12
0,250,190,1,0,0,1,0,0,0,0,0,0,0,115,0.5,cookie,170,12
0,300,190,2,0,0,2,0,90,0,0,0,0,0,200,1,cookie,190,15
0,350,175,1,0,75,2,0,0,0,0,0,0,0,200,1,cookie,190,15
0,225,125,0,0,0,0,0,0,50,0,0,0,0,180,0,cookie,170,20
0,225,140,1,0,50,3,0,0,12.5,0,0,0,0,75,0,cookie,180,15
0,240,95,1,0,0,0,0,95,0,0,0,0,0,120,0.5,cookie,170,15
0,320,300,1,0,0,2,0,0,0,0,0,0,0,170,0.1,cookie,200,8
0,252,112,1,0,0,0.5,0,0,0,0,0,0,0,126,1,cookie,170,12
0,300,240,0,0,0,1,0,0,90,0,0,0,0,175,0,cookie,170,10
0,280,260,2,0,0,0.5,0,60,0,0,0,0,0,240,0.5,cookie,190,10
0,240,90,1,0,0,0,0,0,0,0,0,0,0,165,0,cookie,180,10
0,200,110,2,0,0,0.5,0,0,0,0,0,0,0,160,0.5,cookie,180,10
0,280,130,2,0,0,0.5,0,0,0,0,0,0,0,240,0.5,cookie,190,10
0,200,140,2,0,0,0.5,0,0,0,0,0,0,0,160,0.5,cookie,170,10
0,150,125,1,0,0,0.5,0,0,0,0,0,0,0,0,0.5,cookie,180,20
0,240,176,1,0,0,1,0,0,0,0,0,0,0,130,0.5,cookie,160,20
0,140,165,0.5,0,0,0.5,0,0,0,0,0,0,0,120,0.5,cookie,190,12
0,240,150,2,0,0,1,0,0,0,0,0,0,0,180,0.5,cookie,180,10
0,240,93,1,0,0,1,0,0,0,0,0,0,0,180,0.5,cookie,175,10
0,225,150,1.5,0,0,0.5,0,0,0,0,0,0,0,100,0,cookie,180,10
0,225,135,1.5,0,0,0.5,0,0,0,0,0,0,0,142.5,0.5,cookie,180,8
0,200,166.6666667,1.5,0,0,0.5,0,0,0,0,0,0,0,150,0.5,cookie,200,10
0,220,100,1,0,0,0.5,0,0,0,0,0,30,0,125,0,cookie,200,8
0,200,127.5,1.5,0,0,1.5,0,0,0,0,0,0,0,127.5,0,cookie,180,10
0,225,52.5,1,0,0,1,0,0,0,0,0,0,0,100,0.5,cookie,180,10
0,255,100,0,0,50,1,0,0,0,0,0,0,0,90,0,cookie,180,18
0,195,135,1,0,0,0.5,0,0,0,0,0,0,0,80,0,cookie,180,10
0,225,175,1,0,0,0.5,0,0,0,0,0,0,0,100,0,cookie,240,10
0,200,170,1,0,0,1,0,0,0,0,0,0,0,110,1,cookie,180,10
0,270,180,1,0,0,1,0,0,0,0,0,3,0,105,0,cookie,175,10
0,210,270,1.5,0,50,0.5,0,0,0,0,0,0,0,112.5,0,cookie,175,10
0,140,275,0.5,0,0,0,0,0,70,0,0,0,0,210,0,cookie,175,10
0,160,169,0.5,0,0,0,0,0,0,0,0,2,0,180,0,cookie,175,11
0,208,200,1,0,0,0,0,0,180,0,0,0,0,220,0,cookie,180,9
0,200,90,0.5,0,100,0,0,0,80,0,0,0,0,160,0,cookie,175,10
0,225,105,1,0,15,0,0,0,0,0,0,0,0,150,0,cookie,180,14
0,270,100,1,0,0,1,0,0,0,0,0,0,0,100,0.5,cookie,175,11
0,210,150,0.5,0,90,0,0,0,0,0,0,0,0,105,0,cookie,175,10
0,180,110,1,0,0,1,0,0,0,0,0,3,0,105,0,cookie,180,10
0,255,150,1.5,0,0,0.5,0,0,0,0,0,2,0,165,0,cookie,180,11
0,200,150,1,0,0,0,0,65,45,0,0,0,0,312.5,0,cookie,180,11
0,220,80,0.5,0,0,0,0,70,40,0,0,0,0,190,0.5,cookie,180,11
0,300,100,0,0,0,0,0,120,0,0,0,0,0,250,0,cookie,175,10
0,220,100,1,0,0,0,0,90,0,0,0,4,0,260,0.5,cookie,175,10
0,280,100,1,0,10,1,0,0,0,0,0,0,0,105,0.5,cookie,175,10
0,280,100,0,0,0,0,0,60,0,0,0,3,0,250,0,cookie,175,10
0,275,100,0,0,0,0,0,60,0,0,0,6,0,220,0,cookie,175,10
0,225,200,2,0,0,0,0,0,0,0,0,0,0,225,0,cookie,175,10
0,255,200,1,0,100,1,0,0,55,0,0,0,0,220,,cookie,175,13
1.5,503,23,1,0,203,0,0,0,0,0,0,15,0,45,1,bread,180,20
2,500,60,2,0,250,0,0,0,0,0,0,0,0,70,2,bread,180,20
1.8,470,25,0,0,40,0,0,0,0,0,0,0,160,40,2,bread,180,20
1.8,500,40,0,0,40,0,0,0,0,0,0,0,340,45,2,bread,220,20
1.5,570,20,0,0,0,0,0,0,0,0,0,0,350,40,2,bread,160,20
1.5,450,0,0,0,20,0,0,0,0,0,0,75,200,50,2,bread,230,12
1.5,525,0,1,0,240,0,0,0,0,0,0,50,70,0,2,bread,160,20
1.5,570,67.5,0,0,40,0,0,0,0,0,0,0,360,0,1.5,bread,230,12
1.5,370,40,2,0,115,0,0,0,20,0,0,0,0,120,1.5,bread,220,20
2,600,20,0,0,0,0,0,0,0,0,0,30,200,40,2,bread,220,20
1.8,440,35,2,0,110,0,0,0,0,0,0,0,0,110,1.5,bread,220,20
1.5,500,20,1.5,20,0,0,0,0,0,0,0,0,230,0,1.5,bread,220,20
1.2,430,15,0,35,95,0,0,0,0,0,0,0,200,0,1.5,bread,180,24
2,480,40,1.5,0,310,0,0,0,30,0,0,0,0,60,2,bread,160,22
1.5,400,0,0,0,100,0,0,0,0,0,0,0,130,20,3,bread,180,24
1,300,45,1,0,175,0,0,0,0,0,0,0,0,35,2,bread,190,20
1.5,420,50,1,0,270,0,0,0,0,0,0,0,0,60,2,bread,170,22
1.5,415,30,1,0,260,0,0,0,0,0,0,0,0,44,1,bread,190,23
1,300,38,1,0,150,0,0,0,0,0,0,0,0,28,0.5,bread,160,25
1.5,280,33,1,0,145,0,0,0,0,0,0,0,0,60,1,bread,210,30
1.5,280,30,1,0,100,0,0,0,0,0,0,0,0,35,1,bread,230,12
1.5,400,15,1,15,0,0,0,0,0,0,0,0,220,0,2,bread,230,15
1,320,16,0,0,0,0,0,0,0,0,0,0,190,32,2,bread,220,20
0.75,300,14,0,0,100,0,0,0,0,0,0,0,105,31,1.5,bread,210,20
1,400,0,0,0,0,0,0,0,0,0,0,0,280,10,4,bread,180,20
1,300,15,0,0,55,0,0,0,0,0,0,0,115,0,1,bread,175,22
1,350,30,1,0,70,0,0,0,0,1,0,0,0,40,1,bread,160,20
1.5,350,38,1,15,125,0,0,0,0,0,0,0,0,0,1,bread,185,15
1,350,38,1,0,190,0,0,0,0,0,0,0,190,41,1.5,bread,200,15
1.5,300,35,1,0,170,0,0,0,0,0,0,0,0,40,1.5,bread,210,15
1,300,30,1,0,0,0,0,0,0,0,0,0,130,60,1,bread,200,38
1.5,350,20,0,0,0,0,0,0,0,0,0,0,165,24,2,bread,200,30
1.5,500,60,2,0,0,0,0,0,0,0,0,0,330,60,2,bread,200,30
1.5,500,60,2,0,0,0,0,0,0,0,0,0,100,150,2,bread,200,35
1.5,500,50,0,0,0,0,0,0,0,0,0,80,250,100,2,bread,200,38
1.5,500,70,2,0,60,0,0,0,0,0,0,0,205,75,2,bread,220,16
1.5,500,40,0,35,0,0,0,0,0,0,0,0,320,0,2,bread,175,25
1,300,15,0,0,0,0,0,0,0,0,0,0,170,0,2,bread,200,40
1,325,35,1,0,0,0,0,0,0,0,0,0,140,35,2,bread,175,16
1.5,500,50,0,30,0,0,0,0,0,0,0,0,150,0,3,bread,170,45
1.5,500,23,1,0,111,0,0,90,0,0,0,0,190,80,1,bread,175,16
2,560,90,2,0,286,0,0,0,0,0,0,0,0,90,1,bread,170,45
1,480,0,0,0,0,0,0,0,0,0,0,0,274,0,1,bread,220,30
1.5,500,50,0,0,250,0,0,0,0,0,0,0,0,150,2,bread,180,15
2,500,50,2,0,0,0,0,0,0,0,0,0,200,200,1,bread,180,30
1.5,500,10,0,0,0,0,0,0,0,0,0,0,575,100,1.5,bread,180,20
2,500,0,0,25,0,0,0,0,0,0,0,0,200,50,3,bread,180,30
1.5,525,24,0,0,50,0,0,0,0,0,0,0,160,75,1.5,bread,220,17
1.5,470,10,1,0,0,0,0,0,0,0,0,0,275,0,3,bread,220,17
1.5,420,35,0,0,0,0,0,0,0,0,0,20,200,0,1.5,bread,210,30
1.5,250,10,0,10,0,0,0,0,0,0,0,10,195,0,1,bread,230,15
2,450,0,0,45,0,0,0,0,45,0,0,40,155,0,2,bread,250,18
1.5,500,0,0,0,0,0,0,0,0,0,0,0,130,0,1,bread,250,15
2,500,0,0,0,0,0,0,0,0,0,0,0,325,0,4,bread,240,23
1.5,400,0,0,25,0,0,0,0,0,0,0,0,230,0,1.5,bread,260,15
2,500,0,0,0,100,0,0,0,0,0,0,0,325,0,4,bread,260,15
1.5,500,15,0,0,0,0,0,0,0,0,0,0,325,0,1.5,bread,230,16
2,500,30,0,0,0,0,0,0,25,0,0,0,360,0,2,bread,250,15
1,300,0,0,0,0,0,0,0,0,0,0,0,210,0,1,bread,220,15
1.5,466,36,0,0,133,0,0,0,0,0,0,0,46,33,1,bread,150,45
1.5,438,0,0,0,0,0,0,0,0,0,0,0,35,0,1.75,bread,240,30
1.5,300,38,0,0,0,0,0,0,0,0,0,0,225,0,1,bread,260,25
1.5,438,0,0,0,0,0,0,0,0,0,0,0,32,0,1.75,bread,250,20
2,500,30,0,0,250,0,0,0,0,0,0,0,225,40,1.5,bread,230,12
1,375,60,1.5,26,0,0,0,0,0,0,0,0,0,30,1.5,bread,180,15
2,500,0,0,35,0,0,0,0,0,0,0,0,350,0,2,bread,220,15
2,500,50,2,0,0,0,0,0,0,0,0,0,200,60,1,bread,180,20
1.5,467,80,0.75,0,200,0,0,0,0,0,0,0,0,67,0.5,bread,240,15
2,500,40,0,0,20,0,0,0,0,0,0,0,100,50,0.5,bread,180,30
1.5,450,35,0,0,100,0,0,0,0,0,0,0,150,30,1,bread,180,30
1,745,0,0,0,0,0,0,0,0,0,0,0,395,0,4,bread,230,23
2,500,0,0,0,0,0,0,0,0,0,0,0,367,0,4,bread,220,30
2,533.3333333,0,0,0,0,0,0,0,0,0,0,0,360,0,4,bread,230,16
2,533.3333333,70.66666667,0,0,132,0,0,0,0,0,0,0,0,150,1.5,bread,180,13
2,500,70.66666667,0,0,132,0,0,0,33,0,0,0,0,150,1.5,bread,180,18
1,500,0,0,15,0,0,0,0,0,0,0,0,350,0,4,bread,230,15
1,500,0,0,15,0,0,0,0,0,0,0,0,300,0,2,bread,220,18
2,700,0,0,0,0,0,0,0,0,0,0,20,480,0,4,bread,230,20
2,533.3333333,0,0,32,0,0,0,0,0,0,0,0,260,0,3,bread,200,17
2,533.3333333,126.6666667,2,0,140,0,0,0,0,0,0,6,0,118,3,bread,170,30
2,500,0,0,0,100,0,0,0,0,0,0,10,140,0,2.5,bread,190,16
2,500,130,2,0,150,0,0,0,0,0,0,0,0,150,2,bread,200,20
1,500,0,0,0,0,0,0,0,0,0,0,3,330,15,3,bread,210,18
2,586.6666667,146.6666667,2,0,0,0,0,0,0,0,0,0,293.3333333,176,3,bread,210,30
2,470,98,2,0,0,0,0,0,0,0,0,0,144,74,1,bread,180,14
1.5,397.5,110,1.5,0,0,0,0,0,0,0,0,0,154,82,2,bread,180,15
1.5,437.5,87.5,1.5,0,0,0,0,0,0,0,0,0,122.5,67.5,1,bread,200,25
2,600,120,1.5,0,0,0,0,0,0,0,0,0,268,92,1.5,bread,180,22
3,665,14,0,0,0,0,0,0,0,0,0,0,416,14,3,bread,240,30
2,500,35,0.5,0,0,0,0,0,0,0,0,0,260,25,1.5,bread,200,18
1,500,114,1,0,0,0,0,0,0,0,0,0,160,50,1,bread,180,12
0.5,340,86,0.5,0,0,0,0,0,0,0,0,0,174,34,0.5,bread,180,15
1.5,440,62,1,0,176,0,0,0,0,0,0,0,14,71,1.5,bread,180,10
1.5,480,82,1,0,0,0,0,0,0,0,0,0,226,48,1.5,bread,180,12
1.5,405,69,0,0,248.6666667,0,0,0,0,0,0,0,124.6666667,28.66666667,1.5,bread,180,14
1.5,516.6666667,82.66666667,0,0,181.3333333,0,0,0,8,0,0,0,170.6666667,32,2,bread,180,14
1.2,466.6666667,39.33333333,0,0,20,0,0,0,0,0,0,0,259.3333333,26.66666667,2.5,bread,190,15
1.5,655,0,0,0,0,0,0,0,0,0,0,3,308,0,2.5,bread,220,30
1.5,535,25,0,0,0,0,0,0,0,0,0,0,400,30,2,bread,210,32
1.5,555,0,1,0,90,0,0,0,0,0,0,20,250,20,2,bread,200,31
1.5,250,25,0,0,0,0,0,0,0,0,130,0,115,20,2,croissant,200,20
1.5,233,28,0.5,0,66,0,0,0,0,0,175,0,23,13,2,croissant,200,20
2.25,375,38,0,0,0,0,0,0,0,0,130,0,173,30,3,croissant,200,20
2.5,325,33,0,0,0,0,0,0,35,0,130,0,185,18,2.5,croissant,200,20
2.5,325,33,0,0,0,0,0,0,0,0,130,0,150,26,2.5,croissant,200,20
2,250,25,0,0,0,0,0,0,0,0,130,0,115,20,2,croissant,200,20
2,300,0,0,0,0,0,0,0,0,0,250,0,150,30,2.5,croissant,200,20
2.5,250,23,0,0,50,0,0,0,0,0,125,0,93,20,2,croissant,200,20
2.5,250,22,0,0,50,0,0,0,0,0,125,0,83,16,2,croissant,200,20
2.5,255,30,0.5,0,0,0,0,0,0,0,125,0,80,20,2,croissant,200,20
2.8,258,28,0.5,0,0,0,0,0,0,0,125,0,85,20,2,croissant,200,20
2.5,250,22.5,0,0,50,0,0,0,0,0,125,0,92,17.5,2,croissant,200,20
2.5,250,28,0,0,0,0,0,0,0,0,125,0,85,20,2,croissant,200,20
2,330,35,0,0,0,0,0,0,0,0,165,0,165,15,2,croissant,200,20
2,300,15,0,0,0,0,0,0,0,0,180,0,105,20,2,croissant,200,20
2,300,33,0,0,60,0,0,0,0,0,170,0,107.5,30,3,croissant,200,20
3,400,55,0.75,0,0,0,0,0,0,0,215,0,170,40,3,croissant,200,20
3,250,25,0,0,0,0,0,0,0,0,125,0,120,25,2,croissant,200,20
3,250,25,0,0,0,0,0,0,0,0,125,0,130,30,2,croissant,200,20
2,250,27,0,0,130,0,0,0,0,0,125,0,0,25,2,croissant,200,20
2,250,30,0.5,0,75,0,0,0,0,0,120,0,75,20,2,croissant,190,20
3,250,33,0,0,50,0,0,0,0,0,125,10,70,25,2,croissant,180,20
3,300,25,0.5,0,0,0,0,0,0,0,120,0,125,10,2,croissant,200,20
2,250,25,0,0,0,0,0,0,0,0,125,0,125,10,2,croissant,200,20
2.5,300,30,0,0,0,0,0,0,0,0,180,0,155,20,2,croissant,200,20
2,255,30,0,0,127,0,0,0,0,0,140,0,0,35,2,croissant,200,20
2,257,25,0,0,82,0,0,0,0,0,140,0,82,20,2,croissant,180,20
2,250,30,0,0,45,0,0,0,0,0,125,0,70,50,2,croissant,190,15
2,250,27,0,0,50,0,0,0,0,0,125,0,75,50,2.5,croissant,190,15
2,400,35,0,0,100,0,0,0,0,0,145,0,100,20,2.5,croissant,180,20
2.5,260,30,0,0,120,0,0,0,0,0,200,0,0,67,2,croissant,185,12
3,400,40,0.5,0,0,0,0,0,0,0,160,10,160,28,2,croissant,185,18
2,450,100,0.5,0,200,0,0,0,0,0,150,0,0,50,1,croissant,180,20
2,375,65,0,0,140,0,0,0,0,0,200,0,0,40,2.5,croissant,188,10
2.5,370,45,0,0,120,0,0,0,0,0,170,0,120,47,1,croissant,165,18
2.5,400,48,0.5,0,0,0,0,0,0,0,160,0,220,28,2,croissant,220,15
2,375,66,0,0,0,0,0,0,0,0,250,0,120,55,2,croissant,180,15
2,333,46,0.5,0,74,0,0,0,0,0,200,7,74,30,2,croissant,200,20
2,350,35,0.5,0,170,0,0,0,0,0,170,0,0,25,2,croissant,200,15
2,405,50,0,0,80,0,0,0,0,0,177,0,100,25,2,croissant,170,18
1.5,357,25,0,0,100,0,0,0,0,0,195,0,80,22,1.5,croissant,200,20
3,500,50,0,0,100,0,0,0,0,0,250,20,140,70,2,croissant,220,16
1,250,25,0.5,0,145,0,0,0,0,0,150,0,0,15,1,croissant,190,18
2.5,475,50,0,0,145,0,0,0,0,0,250,0,0,25,2,croissant,170,15
3,500,60,0,0,50,0,0,0,0,0,250,0,160,40,3,croissant,180,18
1,300,25,0,0,0,0,0,0,0,0,150,0,154,15,1,croissant,200,15
3,500,60,0.5,0,50,0,0,0,0,0,250,0,170,40,3,croissant,180,20
3,500,50,0,0,0,0,0,0,0,0,290,20,210,35,3,croissant,220,16
3,500,10,0,0,112,0,0,0,0,0,300,0,0,90,2,croissant,220,16
2.5,500,50,0,0,0,0,0,0,0,0,250,0,250,20,2,croissant,180,15
2.5,500,75,0.5,0,0,0,0,0,0,0,250,0,210,80,1.5,croissant,200,15
1.5,433,43,0,0,90,0,0,0,0,0,240,0,0,35,1.5,croissant,180,20
1,350,35,0,0,70,0,0,0,0,0,170,0,95,80,3,croissant,200,15
1,350,35,0,0,0,0,0,0,0,0,170,20,155,25,1.5,croissant,170,15
1,400,48,0.5,0,50,0,0,0,0,0,200,10,0,30,2,croissant,190,16
1.5,420,50,0.5,0,0,0,0,0,0,0,250,6,190,35,1.5,croissant,190,16
2,400,40,0,0,80,0,0,0,0,0,200,0,114,55,2,croissant,180,15
2,400,42,0,0,255,0,0,0,0,0,250,0,0,38,1,croissant,180,15
2.5,400,40,0.5,0,0,0,0,0,0,0,160,8,168,28,1,croissant,175,15
2,420,50,0,0,0,0,0,0,0,0,250,6,190,35,1.5,croissant,180,16
2,500,55,0,0,140,0,0,0,0,0,280,0,140,40,2,croissant,180,15
2.5,500,60,0,0,140,0,0,0,0,0,250,0,140,50,2,croissant,180,15
2.5,500,50,0,0,0,0,0,0,0,0,200,10,210,35,3.5,croissant,175,15
3,500,50,0.5,0,290,0,0,0,0,0,250,0,0,50,1,croissant,240,15
2.5,500,63,0.5,0,300,0,0,0,0,0,180,0,0,20,1,croissant,190,20
1.5,375,30,0.5,0,0,0,0,0,0,0,200,0,188,25,1.5,croissant,220,15
1.5,416,66,0.5,0,250,0,0,0,0,0,198,0,0,10,1,croissant,180,20
1.5,343,34,0.5,0,151,0,0,0,0,0,200,0,0,40,1,croissant,180,15
1.5,374,63,0,0,0,0,0,0,0,0,150,0,172,75,1,croissant,180,15
1.5,390,45,0.5,0,150,0,0,0,0,0,147,0,0,40,1,croissant,180,15
1.5,400,40,0,0,0,0,0,0,0,0,220,0,200,20,2,croissant,200,20
1.5,410,25,0,0,150,0,0,0,0,0,250,0,0,36,1,croissant,200,18
2,500,50,0.5,0,35,0,0,0,0,0,200,10,120,35,1.5,croissant,175,15
1.5,400,56,0,0,0,0,0,0,0,0,100,0,225,20,1,croissant,180,18
2,500,55,0,0,0,0,0,0,0,0,150,0,240,40,2,croissant,175,15
1.2,325,50,0.5,0,280,0,0,0,0,0,280,0,0,30,1,croissant,190,18
1,300,35,0.5,0,145,0,0,0,0,0,100,0,0,20,0.5,croissant,190,10
2,500,50,0,0,0,0,0,0,0,0,200,20,230,35,0.5,croissant,170,15
1.5,400,56,0.5,0,0,0,0,0,0,0,200,0,168,50,2,croissant,180,18
1.5,400,48,0.5,0,0,0,0,0,0,0,200,0,192,48,1.5,croissant,190,10
1.5,400,28,0,0,128,0,0,0,0,0,140,0,72,40,3,croissant,200,25
1.8,510,60,0,0,225,0,0,0,0,0,280,0,0,70,2,croissant,210,24
2,375,30,0,0,127.5,0,0,0,0,0,210,10,90,37.5,1,croissant,190,30
2,375,45,0,0,0,0,0,0,0,0,207,0,195,37.5,1,croissant,200,25
2,416.6666667,55,0,0,83.33333333,0,0,0,0,0,250,0,125,100,2,croissant,185,15
1.5,400,44,0,0,80,0,0,0,0,0,226.6666667,0,142.6666667,38,1,croissant,185,25
1.5,416.5,50,0,0,75,0,0,0,0,0,250,0,116,40,1,croissant,185,25
1.5,420,50,0,0,75,0,0,0,0,0,125,0,115,35,1,croissant,175,30
1.5,450,45,0,0,0,0,0,0,0,0,225,0,270,20,1,croissant,180,20
1.5,453.3333333,70,0,0,260,0,0,0,0,0,300,0,93.33333333,80,1,croissant,175,15
1,300,25,0,0,145,0,0,0,0,0,90,0,0,20,1,croissant,200,10
1.5,450,20,0,0,0,0,0,0,0,0,125,0,150,15,1,croissant,200,13
1,416.6666667,41.66666667,0,0,0,0,0,0,0,0,250,0,208.3333333,100,2,croissant,180,20
2,405,38,0,0,240,0,0,0,0,0,100,0,0,30,1,croissant,180,20
1,350,20,0,0,50,0,0,0,0,0,100,0,0,40,2,croissant,180,20
2,500,70,0,0,260,0,0,0,0,0,250,0,0,50,2,croissant,190,25
1.5,400,40,0,0,200,0,0,0,0,0,400,0,0,40,2,croissant,180,20
2,500,50,0,0,220,0,0,0,0,0,200,0,0,50,1,croissant,180,20
1.5,400,40,0,0,12,0,0,0,0,0,218,0,200,36,2,croissant,180,20
2,500,60,0,0,0,0,0,0,0,0,250,0,220,20,2,croissant,180,20
